{"acc": [0.71824663320316751, 0.81991021924954399, 0.84288354896762485, 0.86242408246581015, 0.87193028782677584, 0.88618959606496517, 0.8890942699493064, 0.90520200694428921, 0.90942698706099812, 0.9141800897808291], "loss": [0.73597772173526455, 0.48937044188218914, 0.43044061488972385, 0.38061867989176712, 0.34239766471912275, 0.3158904659557632, 0.30431335524279368, 0.27942939635424241, 0.25350784158084766, 0.2422104212203377], "val_acc": [0.82758620689655171, 0.84729064039408863, 0.85714285684923819, 0.87315270965322489, 0.8854679802955665, 0.82512315241574063, 0.89039408896356964, 0.90517241379310343, 0.90640394088669951, 0.8990147780315042], "val_loss": [0.48310409067886806, 0.41371636246812754, 0.42840362476010629, 0.35135143275918634, 0.32266427084730176, 0.43171036742590918, 0.31202321437192082, 0.26547038100035908, 0.27425912198762004, 0.29054631388246133]}